{"sane": true, "log_prob": -887.73291015625, "avg_log_prob": -1.7790238680485972, "perplexity": 5.924070920437914}